{
  "results": [
    {
      "command": "b2sum 1G",
      "mean": 1.7521210861000003,
      "stddev": 0.563480698121712,
      "median": 1.386720344,
      "user": 1.4110282,
      "system": 0.3300382,
      "min": 1.2715302830000001,
      "max": 2.650543968,
      "times": [
        1.31954964,
        1.348843921,
        2.457196261,
        2.29606587,
        1.2715302830000001,
        1.311783524,
        1.4245967670000002,
        2.650543968,
        2.152721024,
        1.288379603
      ],
      "exit_codes": [
        0,
        0,
        0,
        0,
        0,
        0,
        0,
        0,
        0,
        0
      ]
    },
    {
      "command": "cksum 1G",
      "mean": 0.3203584265454546,
      "stddev": 0.07101460814322488,
      "median": 0.27480052,
      "user": 0.05385536363636363,
      "system": 0.2639968181818182,
      "min": 0.263770016,
      "max": 0.42576906600000003,
      "times": [
        0.27240241800000004,
        0.27480052,
        0.28622179200000003,
        0.263770016,
        0.26426486,
        0.266584836,
        0.272366971,
        0.350529721,
        0.42308968300000005,
        0.424142809,
        0.42576906600000003
      ],
      "exit_codes": [
        0,
        0,
        0,
        0,
        0,
        0,
        0,
        0,
        0,
        0,
        0
      ]
    },
    {
      "command": "md5sum 1G",
      "mean": 1.6415014585,
      "stddev": 0.48486896000473056,
      "median": 1.4284373585,
      "user": 1.3362778999999998,
      "system": 0.2964318,
      "min": 1.371464579,
      "max": 2.931407139,
      "times": [
        1.382411835,
        1.39255719,
        1.8756182240000001,
        2.931407139,
        1.750985519,
        1.371464579,
        1.435633636,
        1.421241081,
        1.4357308,
        1.417964582
      ],
      "exit_codes": [
        0,
        0,
        0,
        0,
        0,
        0,
        0,
        0,
        0,
        0
      ]
    },
    {
      "command": "sha1sum 1G",
      "mean": 0.7564066895000001,
      "stddev": 0.025745255183836073,
      "median": 0.7479572205,
      "user": 0.470741,
      "system": 0.2822653,
      "min": 0.738649961,
      "max": 0.82592617,
      "times": [
        0.82592617,
        0.738649961,
        0.7431069770000001,
        0.743476294,
        0.759267327,
        0.743127426,
        0.758986437,
        0.740272912,
        0.758815244,
        0.752438147
      ],
      "exit_codes": [
        0,
        0,
        0,
        0,
        0,
        0,
        0,
        0,
        0,
        0
      ]
    },
    {
      "command": "sha224sum 1G",
      "mean": 1.0167661123,
      "stddev": 0.32294232246683724,
      "median": 0.822251139,
      "user": 0.6686137999999999,
      "system": 0.3418752,
      "min": 0.7910968810000001,
      "max": 1.595053435,
      "times": [
        0.8160564060000001,
        0.8189356160000001,
        0.8255666620000001,
        1.143402342,
        1.5902227930000001,
        1.595053435,
        0.9806521640000001,
        0.7910968810000001,
        0.8052354570000001,
        0.8014393670000001
      ],
      "exit_codes": [
        0,
        0,
        0,
        0,
        0,
        0,
        0,
        0,
        0,
        0
      ]
    },
    {
      "command": "sha256sum 1G",
      "mean": 1.008308802,
      "stddev": 0.32752803713764544,
      "median": 0.8128762380000001,
      "user": 0.6691975000000001,
      "system": 0.33291399999999993,
      "min": 0.765120659,
      "max": 1.594308521,
      "times": [
        0.798514551,
        0.7983058070000001,
        0.813163429,
        1.1134979010000001,
        1.594308521,
        1.59179974,
        1.004015269,
        0.791773096,
        0.765120659,
        0.812589047
      ],
      "exit_codes": [
        0,
        0,
        0,
        0,
        0,
        0,
        0,
        0,
        0,
        0
      ]
    },
    {
      "command": "sha384sum 1G",
      "mean": 2.1973169550000007,
      "stddev": 0.6602852126219232,
      "median": 2.532558197,
      "user": 1.7942655000000003,
      "system": 0.3869873,
      "min": 1.389678267,
      "max": 2.781404077,
      "times": [
        1.604198335,
        2.771398704,
        2.771967005,
        2.775535096,
        1.421201172,
        1.3926705,
        1.389678267,
        2.298199941,
        2.781404077,
        2.766916453
      ],
      "exit_codes": [
        0,
        0,
        0,
        0,
        0,
        0,
        0,
        0,
        0,
        0
      ]
    },
    {
      "command": "sha512sum 1G",
      "mean": 1.8099193727,
      "stddev": 0.5808053859604295,
      "median": 1.4170842184999999,
      "user": 1.4596414,
      "system": 0.3391751,
      "min": 1.340277907,
      "max": 2.773493539,
      "times": [
        1.992558341,
        2.773493539,
        1.428873253,
        1.373683642,
        1.405295184,
        2.586694605,
        2.431860748,
        1.340277907,
        1.376949532,
        1.389506976
      ],
      "exit_codes": [
        0,
        0,
        0,
        0,
        0,
        0,
        0,
        0,
        0,
        0
      ]
    },
    {
      "command": "xxhsum -H2 1G",
      "mean": 0.4189140621,
      "stddev": 0.00382547865898538,
      "median": 0.416736604,
      "user": 0.0784173,
      "system": 0.33634329999999996,
      "min": 0.416129118,
      "max": 0.42528306400000004,
      "times": [
        0.416821474,
        0.416364432,
        0.416129118,
        0.416131884,
        0.41665173400000005,
        0.42355226900000004,
        0.41616080800000005,
        0.42528306400000004,
        0.424313996,
        0.417731842
      ],
      "exit_codes": [
        0,
        0,
        0,
        0,
        0,
        0,
        0,
        0,
        0,
        0
      ]
    }
  ]
}
